id,label,chunk_id,order,page_start,page_end,text
listitem_ch0014_0,ListItem,ch0014,0,8,8,Информационные;
listitem_ch0014_1,ListItem,ch0014,1,8,8,Целевые.
listitem_ch0019_0,ListItem,ch0019,0,8,8,сообщение о готовности заказа;
listitem_ch0019_1,ListItem,ch0019,1,8,8,отправка клиенту секретного кода.
listitem_ch0030_0,ListItem,ch0030,0,9,9,1. Перейти в браузере по ссылке
listitem_ch0033_0,ListItem,ch0033,0,9,9,2. В открывшемся окне (см. Рисунок 3) ввести данные в форму авторизации:
listitem_ch0034_0,ListItem,ch0034,0,9,9,Компания — указать название компании;
listitem_ch0034_1,ListItem,ch0034,1,9,9,Логин — ввести логин учетной записи маркетолога;
listitem_ch0034_2,ListItem,ch0034,2,9,9,Пароль — ввести пароль учетной записи маркетолога.
listitem_ch0065_0,ListItem,ch0065,0,13,13,"3 вкладки, каждая из которых отвечает за соответствующий этап настройки рассылки:"
listitem_ch0065_1,ListItem,ch0065,1,13,13,«Конструктор рассылки» (открывается по умолчанию) — вкладка для
listitem_ch0070_0,ListItem,ch0070,0,14,14,"«Условия начала рассылки» — вкладка для определения условий запуска рассылки и действующих ограничений, см. подробнее в разделе"
listitem_ch0073_0,ListItem,ch0073,0,14,14,"«Целевая аудитория» — вкладка для подготовки данных для рассылок с фиксированной аудиторией, см. подробнее в разделе"
listitem_ch0076_0,ListItem,ch0076,0,14,14,"2 вкладки, отражающие результаты запуска рассылки:"
listitem_ch0076_1,ListItem,ch0076,1,14,14,«Статистика» — вкладка для просмотра
listitem_ch0080_0,ListItem,ch0080,0,14,14,"«Журнал» — вкладка для просмотра статусов отправки рассылки для клиентов, см. подробнее в разделе"
listitem_ch0083_0,ListItem,ch0083,0,14,14,Тип рассылки;
listitem_ch0083_1,ListItem,ch0083,1,14,14,Состояние рассылки;
listitem_ch0083_2,ListItem,ch0083,2,14,14,Кнопка для обновления сценария рассылки;
listitem_ch0083_3,ListItem,ch0083,3,14,14,Иконки для управления запуском и остановкой рассылки. Подробнее об управлении запуском рассылки (состоянием рассылки) см. в разделе
listitem_ch0094_0,ListItem,ch0094,0,15,15,Посмотреть
listitem_ch0097_0,ListItem,ch0097,0,15,15,Посмотреть
listitem_ch0100_0,ListItem,ch0100,0,15,15,Выгрузить данные
listitem_ch0102_0,ListItem,ch0102,0,15,15,Сгенерировать событие;
listitem_ch0102_1,ListItem,ch0102,1,15,15,Переместить рассылку в нужный каталог;
listitem_ch0102_2,ListItem,ch0102,2,15,15,Клонировать (дублировать) рассылку;
listitem_ch0102_3,ListItem,ch0102,3,15,15,Удалить рассылку.
listitem_ch0116_0,ListItem,ch0116,0,16,16,события Start;
listitem_ch0116_1,ListItem,ch0116,1,16,16,блоков действий;
listitem_ch0116_2,ListItem,ch0116,2,16,16,связей между блоками действий.
listitem_ch0127_0,ListItem,ch0127,0,17,17,1. Отправка сообщения;
listitem_ch0127_1,ListItem,ch0127,1,17,17,"2. Отправка сообщения, содержащего конфиденциальные данные для клиента;"
listitem_ch0127_2,ListItem,ch0127,2,17,17,3. Перевод в канал;
listitem_ch0127_3,ListItem,ch0127,3,17,17,4. Отмена отправки запланированных сообщений этой рассылки;
listitem_ch0127_4,ListItem,ch0127,4,17,17,5. Отмена действия кнопок рассылки;
listitem_ch0127_5,ListItem,ch0127,5,17,17,6. Вызов внешней системы;
listitem_ch0127_6,ListItem,ch0127,6,17,17,7. Генерация события;
listitem_ch0127_7,ListItem,ch0127,7,17,17,8. Генерация интента.
listitem_ch0137_0,ListItem,ch0137,0,17,17,"1. Текст сообщения — текст, который будет отправлен клиенту в мессенджер. Для ввода текста используется поле стандартного блока действий (см. Рисунок 20);"
listitem_ch0141_0,ListItem,ch0141,0,18,18,"2. Медиа-контент — изображения, видео, аудио и документы, которые могут быть добавлены к сообщению. Поддерживаются наиболее распространенные форматы (см. таблицу 1)."
listitem_ch0146_0,ListItem,ch0146,0,18,18,* Изображение JPG JPEG PNG Да Да Да Да Да
listitem_ch0161_0,ListItem,ch0161,0,19,19,"3. Медиа группа — изображения и видео, которые могут быть добавлены к сообщению группой."
listitem_ch0199_0,ListItem,ch0199,0,22,22,2. Создать рассылку и настроить ее на
listitem_ch0202_0,ListItem,ch0202,0,22,22,3. В конструкторе рассылки в блок добавить медиа группу;
listitem_ch0202_1,ListItem,ch0202,1,22,22,"4. В медиа группу добавить то же самое количество URL, что и в аргументах события (см. Рисунок 27);"
listitem_ch0205_0,ListItem,ch0205,0,22,22,"5. В поле URL ввести аргументы события в фигурных скобках, указав в каждом поле только один аргумент, тип файла оставить как изображение (см. Рисунок 27);"
listitem_ch0205_1,ListItem,ch0205,1,22,22,6. Сохранить медиа группу.
listitem_ch0220_0,ListItem,ch0220,0,24,24,"4. Кнопки-действия — это кнопки, позволяющие выполнять следующие действия:"
listitem_ch0221_0,ListItem,ch0221,0,24,24,Вызвать другой блок действий;
listitem_ch0221_1,ListItem,ch0221,1,24,24,Добавить клиенту теги;
listitem_ch0221_2,ListItem,ch0221,2,24,24,Снять теги с клиента;
listitem_ch0221_3,ListItem,ch0221,3,24,24,Отписать клиента от рассылок (всех)
listitem_ch0258_0,ListItem,ch0258,0,28,28,"5. Кнопки-ссылки — кнопки, позволяющие клиенту перейти по заданной ссылке из мессенджера."
listitem_ch0285_0,ListItem,ch0285,0,30,30,"Выберите канал — канал, в который необходимо перевести клиента;"
listitem_ch0289_0,ListItem,ch0289,0,31,31,"Текст при переводе в канал — сообщение, которое будет отправлено клиенту при переводе в канал (если оставить его пустым, то сообщение не будет отправляться);"
listitem_ch0289_1,ListItem,ch0289,1,31,31,"Текст при откладывании перевода в канал — сообщение, которое будет оправлено клиенту, если в момент выполнения действия у него есть открытый диалог и он не свободный (т. е. клиент обсуждает с оператором или ботом какой-то вопрос);"
listitem_ch0289_2,ListItem,ch0289,2,31,31,"Текст перед отложенным переводом в канал — сообщение, которое будет отправлено клиенту при переводе в канал, если он ранее был отложен;"
listitem_ch0289_3,ListItem,ch0289,3,31,31,Переключатель условия перевода в канал:
listitem_ch0289_4,ListItem,ch0289,4,31,31,Перевести сразу (значение по умолчанию) — клиент будет переведен в канал без каких-либо дополнительных условий (кроме наличия открытого/свободного диалога);
listitem_ch0289_5,ListItem,ch0289,5,31,31,"Перевести после получения сообщения от клиента — клиент будет переведен только после получения от него сообщения и в соответствии с настройками, указанными ниже;"
listitem_ch0297_0,ListItem,ch0297,0,32,32,"Время ожидания сообщения — время, которое бот ожидает сообщения от клиента для перевода его в канал. Можно установить время не более 2 часов (ограничение введено, чтобы маркетолог не мог надолго «блокировать» клиента: поскольку в момент ожидания не могут выполняться другие рассылки, а также клиенту не смогут отправлять сообщения операторы);"
listitem_ch0297_1,ListItem,ch0297,1,32,32,"Если клиент не ответил за заданное время — действие, которое бот выполнит, не дождавшись сообщения от клиента в течение «времени ожидания сообщения»:"
listitem_ch0297_2,ListItem,ch0297,2,32,32,"«Ничего не делать» — бот не будет предпринимать каких-либо действий; клиент не будет переведен в канал, рассылка при этом продолжится согласно сценарию;"
listitem_ch0297_3,ListItem,ch0297,3,32,32,"«Перевести в канал безусловно» — клиент будет переведен в канал, при этом можно задать другой канал (отличный от исходно заданного);"
listitem_ch0297_4,ListItem,ch0297,4,32,32,"«Отправить сообщение» — клиенту будет отправлено сообщение, заданное в поле ниже; клиент не будет переведен в канал."
listitem_ch0358_0,ListItem,ch0358,0,38,38,промокод — строка;
listitem_ch0360_0,ListItem,ch0360,0,39,39,размер скидки (%) — число;
listitem_ch0360_1,ListItem,ch0360,1,39,39,действует до — строка.
listitem_ch0369_0,ListItem,ch0369,0,39,39,только для текущего клиента
listitem_ch0371_0,ListItem,ch0371,0,39,39,для множества клиентов (для рассылок с фиксированной аудиторией).
listitem_ch0386_0,ListItem,ch0386,0,42,42,"1. Нажать на кнопку и в раскрывшемся меню выбрать пункт «Действие», после чего выбрать «Сгенерировать intent» (см. Рисунок 63)."
listitem_ch0388_0,ListItem,ch0388,0,42,42,"2. В настройках действия (см. Рисунок 64) задать название интента и (необязательно) словарь сущностей (entities). Важно, что в поле «Entities» должен быть задан именно словарь в формате JSON (как на рисунке ниже), иначе выполнение сценария рассылки завершится ошибкой."
listitem_ch0424_0,ListItem,ch0424,0,45,45,"1. Событие Start, т. е. начало выполнения сценария рассылки (см. Рисунок 68);"
listitem_ch0426_0,ListItem,ch0426,0,45,45,2. Нажатие на кнопку-действие (см. Рисунок 69);
listitem_ch0428_0,ListItem,ch0428,0,45,45,"3. Отправка сообщения клиенту. От события отправки сообщения также можно строить связь, для этого следует начать связь из точки в правом нижнем углу (см. Рисунок 70). Важно, что это событие происходит только когда сообщение непосредственно ставится в очередь на отправку, а не когда сообщение должно было отправиться."
listitem_ch0452_0,ListItem,ch0452,0,48,48,Условия начала рассылки для клиентов (1);
listitem_ch0452_1,ListItem,ch0452,1,48,48,"Время, после которого рассылка не начнется для клиента (2);"
listitem_ch0452_2,ListItem,ch0452,2,48,48,"Время, когда никакие действия рассылки не выполняются для клиента (3);"
listitem_ch0452_3,ListItem,ch0452,3,48,48,Расширенные настройки (4).
listitem_ch0461_0,ListItem,ch0461,0,49,49,"изменение условия начала рассылки (т. е., например, перехода от тега к событию),"
listitem_ch0461_1,ListItem,ch0461,1,49,49,"изменение тега или события, которые начинают рассылку,"
listitem_ch0461_2,ListItem,ch0461,2,49,49,"изменение времени, в которое начнется рассылка (для рассылок с фиксированной аудиторией, которые начинаются в заданное время);"
listitem_ch0461_3,ListItem,ch0461,3,49,49,"изменение времени, после которого рассылка не начнется для клиента."
listitem_ch0480_0,ListItem,ch0480,0,50,50,"Даты начала и окончания — определяют время, когда рассылка начнется"
listitem_ch0483_0,ListItem,ch0483,0,50,50,"Две группы с одинаковыми настройками, определяющих, как рассылка должна проводиться в рабочие и в выходные дни."
listitem_ch0485_0,ListItem,ch0485,0,50,50,"«Часы работы» — часы, в которые рассылка будет пытаться начаться для очередной подгруппы клиентов;"
listitem_ch0485_1,ListItem,ch0485,1,50,50,"«Отправлять каждые» — интервал, через который рассылка будет начинаться для следующей группы клиентов;"
listitem_ch0485_2,ListItem,ch0485,2,50,50,"«Максимальное количество клиентов за одну отправку» — размер группы клиентов, для которых рассылка будет начинаться через каждый заданный интервал времени."
listitem_ch0580_0,ListItem,ch0580,0,57,57,"Регистр букв не учитывается. Например, если в настройках рассылки будет указано слово «ХочуСкидку», а клиент пришлет «хочускидку», то рассылка начнется;"
listitem_ch0580_1,ListItem,ch0580,1,57,57,"Пробельные символы до и после слова/фразы не учитываются. Например, если в настройках рассылки будет указано слово «ХочуСкидку», а клиент пришлет «  ХочуСкидку   », то рассылка начнется;"
listitem_ch0580_2,ListItem,ch0580,2,57,57,"Проверяется совпадение всего сообщения целиком. Например, если в настройках рассылки будет указано слово «ХочуСкидку», а клиент пришлет «ХочуСкидку, пожалуйста», то рассылка не начнется;"
listitem_ch0580_3,ListItem,ch0580,3,57,57,"Минимальная длина ключевого слова – один символ. Например, можно использовать смайлик – ."
listitem_ch0637_0,ListItem,ch0637,0,61,61,"«Отправлять клиентам, которые уже получали эту рассылку». Если флажок снят, то рассылка для каждого клиента начнется только однажды. Если флажок установлен, то для каждого клиента может быть запущено неограниченное количество одной и той же рассылки."
listitem_ch0640_0,ListItem,ch0640,0,62,62,"«Исключить клиентов, добавленных в рассылки». При запуске одинаковых рассылок на несколько разных аудиторий возможна следующая проблема: из-за неточного разделения на аудитории некоторые из клиентов могут получить одинаковые рассылки несколько раз."
listitem_ch0650_0,ListItem,ch0650,0,62,62,"«Останавливать рассылку для клиентов, получивших один из тегов | у которых удален один из тегов» — при выставлении или снятии с клиента заданного тега его рассылка может быть принудительно остановлена. Это может быть полезно, например, если клиенту запущена рассылка, целью которой является предложение какой-то услуги. Когда клиент приобретает услугу, ему можно выставить соответствующий тег, и рассылка остановится."
listitem_ch0656_0,ListItem,ch0656,0,63,63,"При нажатии клиентом кнопки-действия, в настройках которой задано снимать тег;"
listitem_ch0656_1,ListItem,ch0656,1,63,63,"Вызовом API консоли маркетолога, см. подробнее запрос «Изменение тегов клиентов» в разделе"
listitem_ch0660_0,ListItem,ch0660,0,63,63,"«Отправлять сообщения, даже если клиент отписался от рассылок» — эта опция позволяет отправлять рассылку клиентам даже если они отписались от рассылок. Не следует злоупотреблять этой возможностью в маркетинговых целях. Она предназначена для оповещения клиентов о критически важной информации и работы информационных рассылок."
listitem_ch0660_1,ListItem,ch0660,1,63,63,"SMS-провайдер — это поле определяет провайдер, который будет использоваться для отправки SMS. Без выбора провайдера добавление SMS-блоков в рассылку будет невозможно (см. также раздел"
listitem_ch0664_0,ListItem,ch0664,0,63,63,"Тэги сообщений – это поле определяет специальный тег для отправки рассылок клиентам Facebook*. Без тега клиенту Facebook* не будут приходить рассылки, если за последние 24-часа клиент не общался с ботом или оператором. Для того, чтобы рассылки приходили клиентам всегда, необходимо выставить один из тэгов, который будет соответствовать цели рассылки:"
listitem_ch0664_1,ListItem,ch0664,1,63,63,"CONFIRMED_EVENT_UPDATE - Отправка клиенту напоминаний или обновлений в связи с мероприятиями, на которые он зарегистрировался."
listitem_ch0664_2,ListItem,ch0664,2,63,63,"POST_PURCHASE_UPDATE - Уведомление клиента об обновлении, связанном с недавней покупкой."
listitem_ch0664_3,ListItem,ch0664,3,63,63,ACCOUNT_UPDATE - Уведомление клиента об однократном изменении его заявки или аккаунта.
listitem_ch0685_0,ListItem,ch0685,0,64,64,Начинать сразу после запуска рассылки
listitem_ch0685_1,ListItem,ch0685,1,64,64,Начинать в заданное время
listitem_ch0685_2,ListItem,ch0685,2,64,64,Начинать в заданное время и отправлять равномерно
listitem_ch0685_3,ListItem,ch0685,3,64,64,Начинать при возникновении события для заданной аудитории
listitem_ch0685_4,ListItem,ch0685,4,64,64,Начинать в заданное время и отправлять равномерно (аудитория из внешней системы)
listitem_ch0685_5,ListItem,ch0685,5,64,64,Начинать при выставлении тега
listitem_ch0685_6,ListItem,ch0685,6,64,64,Начинать при возникновении события
listitem_ch0685_7,ListItem,ch0685,7,64,64,Начинать при получении ключевого слова
listitem_ch0749_0,ListItem,ch0749,0,67,67,id
listitem_ch0751_0,ListItem,ch0751,0,67,67,phone и messengers_order
listitem_ch0753_0,ListItem,ch0753,0,67,67,только phone (если нужно принудительно отправить SMS).
listitem_ch0789_0,ListItem,ch0789,0,68,68,иметь кодировку UTF8;
listitem_ch0789_1,ListItem,ch0789,1,68,68,"содержать заголовок, подобный описанному выше;"
listitem_ch0789_2,ListItem,ch0789,2,68,68,использовать в качестве разделителя символ ';'.
listitem_ch0837_0,ListItem,ch0837,0,72,72,"«Не запущена» — состояние рассылки с момента создания и до первого запуска. В этом состоянии пользователь (маркетолог) разрабатывает сценарий рассылки, задает основные настройки и аудиторию."
listitem_ch0837_1,ListItem,ch0837,1,72,72,"«Включена в активном режиме» — в это состояние рассылка переходит поле запуска. В зависимости от настроек условий начала рассылки она начнет выполняться либо сразу, либо при появлении события или тега у клиента, либо при получении ключевого слова от клиента в мессенджере."
listitem_ch0837_2,ListItem,ch0837,2,72,72,"«Включена в пассивном режиме» — в этом состоянии выполняются сценарии рассылок, начавшиеся в активном режиме, но не запускаются новые."
listitem_ch0842_0,ListItem,ch0842,0,72,72,"«Отключена» — в этом состоянии рассылка не начинается для новых клиентов и не продолжается для тех, для кого она была начата ранее. Иными словами, клиенты не получают новые сообщения рассылки, а нажатия на кнопки в ранее полученных сообщениях не обрабатываются. Это состояние нужно для полного прекращения рассылки."
listitem_ch0873_0,ListItem,ch0873,0,75,75,"1. Перевести рассылку в состояние «Отключена», нажав на иконку и выбрав в раскрывшемся меню пункт «Отключить»."
listitem_ch0875_0,ListItem,ch0875,0,75,75,2. Перейти к списку рассылок.
listitem_ch0875_1,ListItem,ch0875,1,75,75,"3. В списке рассылок клонировать рассылку, нажав на иконку и выбрав в раскрывшемся меню пункт «Клонировать» (см. Рисунок 102)."
listitem_ch0879_0,ListItem,ch0879,0,76,76,"4. Внести изменения в клонированной рассылке (сценарий, условия запуска, аудитория)."
listitem_ch0879_1,ListItem,ch0879,1,76,76,5. Запустить клонированную рассылку.
listitem_ch0882_0,ListItem,ch0882,0,76,76,"1. При клонировании важно не забыть перевести в состояние «Отключена» исходную рассылку, чтобы клиенты не получили обе рассылки."
listitem_ch0882_1,ListItem,ch0882,1,76,76,"2. Необходимо внимательно следить за пересечением клиентов в исходной и клонированной рассылках, чтобы избежать отправки двух рассылок одному клиенту. Для этого в клонированной рассылке можно воспользоваться настройкой"
listitem_ch0885_0,ListItem,ch0885,0,76,76,"3. Если рассылка с фиксированной аудиторией начинается по событию, то после клонирования обе рассылки будут начинаться при генерации одного события. Таким образом, для одного клиента могут «сработать» обе рассылки. Чтобы избежать этого, исходную рассылку нужно перевести в пассивный режим или отключить."
listitem_ch0889_0,ListItem,ch0889,0,76,76,SMSC (
listitem_ch0892_0,ListItem,ch0892,0,76,76,МТС (
listitem_ch0895_0,ListItem,ch0895,0,76,76,СМС услуги (
listitem_ch0898_0,ListItem,ch0898,0,76,76,SMS.ru (
listitem_ch0903_0,ListItem,ch0903,0,77,77,1. Перейти в раздел «SMS-провайдеры» и нажать кнопку «+ Создать» в правом верхнем углу (см. Рисунок 103).
listitem_ch0905_0,ListItem,ch0905,0,77,77,2. Далее необходимо указать данные учетной записи выбранного SMS-провайдера (см. Рисунок 104):
listitem_ch0906_0,ListItem,ch0906,0,77,77,"Название — название провайдера, которое будет использоваться в Maxbot;"
listitem_ch0906_1,ListItem,ch0906,1,77,77,Описание — произвольный текст о добавляемом провайдере;
listitem_ch0906_2,ListItem,ch0906,2,77,77,"Использовать по умолчанию — если флажок установлен, то провайдер будет добавлен во все создаваемые рассылки в качестве SMS-провайдера. Если провайдер по умолчанию не задан, то рассылки создаются без SMS-провайдера;"
listitem_ch0906_3,ListItem,ch0906,3,77,77,"Тип — выбрать значение «SMS ЦЕНТР», «МТС», «СМС услуги» или «SMS.ru»;"
listitem_ch0906_4,ListItem,ch0906,4,77,77,Логин — логин учетной записи выбранного провайдера;
listitem_ch0906_5,ListItem,ch0906,5,77,77,Пароль — пароль учетной записи выбранного провайдера;
listitem_ch0906_6,ListItem,ch0906,6,77,77,"Отправитель — название отправителя (от чьего имени клиенты будут получать сообщения). Рекомендуется, чтобы это имя совпадало с тем, что задано в настройках учетной записи самого SMS-провайдера (причем, с учетом регистра). В общем случае это определяется условиями договора с SMS-провайдером."
listitem_ch0915_0,ListItem,ch0915,0,78,78,3. Нажать на кнопку «Создать».
listitem_ch0956_0,ListItem,ch0956,0,81,81,1. Если лендинг еще не создан — создать его. Подробнее см. описание в подразделе
listitem_ch0959_0,ListItem,ch0959,0,81,81,2. В SMS-блоке нажать на кнопку и в меню выбрать пункт «Лендинг подключения к мессенджеру» (см. Рисунок 109).
listitem_ch0961_0,ListItem,ch0961,0,81,81,3. Задать свойства для лендинга (см. Рисунок 110):
listitem_ch0962_0,ListItem,ch0962,0,81,81,«Посадочная страница» — выбрать один из созданных ранее лендингов;
listitem_ch0962_1,ListItem,ch0962,1,81,81,"«Текст до», «Текст после» — задать (необязательно) текст до или после SMS- сообщения;"
listitem_ch0967_0,ListItem,ch0967,0,82,82,"Время жизни ссылки для подключения к мессенджеру — задать время, в течение которого ссылка будет действительной; если задать «0», то ссылка будет действовать без ограничения времени."
listitem_ch0969_0,ListItem,ch0969,0,82,82,4. Нажать на кнопку «Сохранить».
listitem_ch1000_0,ListItem,ch1000,0,84,84,Запуск рассылки;
listitem_ch1000_1,ListItem,ch1000,1,84,84,Остановка рассылки.
listitem_ch1035_0,ListItem,ch1035,0,88,88,в настройках кнопок-действий (см. Рисунок 120);
listitem_ch1035_1,ListItem,ch1035,1,88,88,в настройках условия запуска рассылки (см. Рисунок 121).
listitem_ch1043_0,ListItem,ch1043,0,89,89,клиентом самостоятельно — в результате нажатий на кнопки в сообщениях рассылки (см. подробнее в подразделе
listitem_ch1046_0,ListItem,ch1046,0,89,89,компанией — в результате выполнения API-запроса (см. запрос «Изменение тегов клиентов» в разделе
listitem_ch1059_0,ListItem,ch1059,0,90,90,1. Системные:
listitem_ch1060_0,ListItem,ch1060,0,90,90,Добавление нового клиента;
listitem_ch1060_1,ListItem,ch1060,1,90,90,Подтверждение номера телефона.
listitem_ch1062_0,ListItem,ch1062,0,90,90,2. Пользовательские.
listitem_ch1149_0,ListItem,ch1149,0,100,100,customer_name — имя и отчество клиента;
listitem_ch1149_1,ListItem,ch1149,1,100,100,customer_discount — персональная скидка.
listitem_ch1190_0,ListItem,ch1190,0,101,101,Тексты сообщений;
listitem_ch1190_1,ListItem,ch1190,1,101,101,Заголовки кнопок;
listitem_ch1190_2,ListItem,ch1190,2,101,101,URL для кнопок-ссылок;
listitem_ch1190_3,ListItem,ch1190,3,101,101,URL для медиа-контента;
listitem_ch1190_4,ListItem,ch1190,4,101,101,Сообщения при переводе в канал;
listitem_ch1190_5,ListItem,ch1190,5,101,101,Большинство полей настроек вызова внешней системы (кроме названий заголовков запроса и названий параметров запроса);
listitem_ch1190_6,ListItem,ch1190,6,101,101,Аргументы события при генерации событий;
listitem_ch1190_7,ListItem,ch1190,7,101,101,Все текстовые поля SMS-блока и настройки вызова внешней системы в SMS-блоке
listitem_ch1190_8,ListItem,ch1190,8,101,101,Многие текстовые поля других действий
listitem_ch1211_0,ListItem,ch1211,0,102,102,"1. Если аудитория задается статично, то пока ни одного клиента не задано в рассылку можно добавлять любые макросы. Однако, при загрузке аудитории все заданные макросы должны быть у всех добавляемых в рассылку клиентов. Иначе при загрузке аудитории маркетолог увидит ошибку."
listitem_ch1211_1,ListItem,ch1211,1,102,102,"2. Если аудитория задается статично, и аудитория рассылки уже задана, то в рассылку можно добавлять только те макросы, значения которых есть у всех клиентов из аудитории рассылки. При попытке использовать в тексте отсутствующий хотя бы у одного клиента макрос маркетолог получит ошибку."
listitem_ch1211_2,ListItem,ch1211,2,102,102,"3. Если рассылка начинается при выставлении тега или при получении ключевого слова, то использование макросов недопустимо. Т. к. нет способа задавать значения этих макросов."
listitem_ch1211_3,ListItem,ch1211,3,102,102,"4. Если рассылка начинается при возникновении события, то в рассылку можно добавлять только макросы, названия которых совпадают с именами аргументов события, по которому стартует рассылка. При попытке использовать другой макрос возникнет ошибка. При попытке удалить аргумент события, который используется в рассылке, возникнет ошибка. При попытке сменить событие, по которому запускается рассылка, требуется чтобы у нового события были все аргументы, которые используются в рассылке."
listitem_ch1211_4,ListItem,ch1211,4,102,102,"5. Если рассылка имеет фиксированную аудиторию и начинается по событию, то макросы берутся и из фиксированной аудитории, и из аргументов события. При этом они не могут пересекаться, т. е. нельзя загрузить аудиторию с определенным макросом и использовать одноименный аргумент в событии."
listitem_ch1225_0,ListItem,ch1225,0,103,103,maxbot_id — идентификатор бота;
listitem_ch1225_1,ListItem,ch1225,1,103,103,maxbot_name — название бота;
listitem_ch1225_2,ListItem,ch1225,2,103,103,company_name — название компании;
listitem_ch1225_3,ListItem,ch1225,3,103,103,external_messenger_id — идентификатор (id) в Viber. Тип string;
listitem_ch1225_4,ListItem,ch1225,4,103,103,messenger_type — тип мессенджера;
listitem_ch1225_5,ListItem,ch1225,5,103,103,messenger_id — идентификатор (id) в мессенджерах (кроме Viber). Тип integer. Для Viber это значение генерируется в боте.
listitem_ch1232_0,ListItem,ch1232,0,104,104,customer_messenger_id — идентификатор клиента в Maxbot;
listitem_ch1232_1,ListItem,ch1232,1,104,104,"phone — подтвержденный номер телефона клиента. None, если нет подтвержденного номера."
listitem_ch1250_0,ListItem,ch1250,0,105,105,Адрес;
listitem_ch1250_1,ListItem,ch1250,1,105,105,Текст сообщения в случае ошибки;
listitem_ch1250_2,ListItem,ch1250,2,105,105,Значение заголовка запроса
listitem_ch1258_0,ListItem,ch1258,0,105,105,Значение параметра запроса;
listitem_ch1258_1,ListItem,ch1258,1,105,105,Тело запроса
listitem_ch1284_0,ListItem,ch1284,0,107,107,1. Бот задает клиенту вопросы формы и ждет ответа некоторое время.
listitem_ch1286_0,ListItem,ch1286,0,108,108,"3. Если ответ клиента соответствует типу вопроса, то бот сохраняет ответ и задает следующий вопрос."
listitem_ch1286_1,ListItem,ch1286,1,108,108,"4. Если ответ не соответствует типу вопроса, то бот задает вопрос повторно."
listitem_ch1286_2,ListItem,ch1286,2,108,108,"5. Когда все вопросы заданы, бот отправляет клиенту результаты опроса – перечисляет вопросы, данные на них ответы и просит клиента подтвердить их, либо исправить неточности."
listitem_ch1286_3,ListItem,ch1286,3,108,108,"6. После подтверждения клиента бот записывает ответы в специальные переменные (слоты), к которым можно обратиться в сценарии рассылки. Например, чтобы отправить их в компанию с помощью вызова внешней системы."
listitem_ch1286_4,ListItem,ch1286,4,108,108,"7. Далее сценарий рассылки продолжается в соответствии с теми действиями, которые заданы для выхода при успешном заполнении формы."
listitem_ch1294_0,ListItem,ch1294,0,108,108,Короткий текст – в ответ принимается любая последовательность символов;
listitem_ch1294_1,ListItem,ch1294,1,108,108,Email – в ответ принимаются адреса электронной почты вида customer@example.com;
listitem_ch1294_2,ListItem,ch1294,2,108,108,Число – в ответ принимаются положительные и отрицательные вещественные числа;
listitem_ch1294_3,ListItem,ch1294,3,108,108,Телефон – номер телефона как последовательность 11 цифр. При этом бот не будет просить подтвердить отправленное ему значение;
listitem_ch1294_4,ListItem,ch1294,4,108,108,Файл – в ответ принимаются один или несколько файлов. В текущей версии Maxbot принимаются только изображения.
listitem_ch1294_5,ListItem,ch1294,5,108,108,"Дата – принимаются различные форматы дат: «11.12.2021», «10 декабря», «завтра». При этом клиент может указать дату из прошлого."
listitem_ch1294_6,ListItem,ch1294,6,108,108,"Варианты ответа – маркетолог задает фиксированный набор вариантов ответа в настройках вопроса, клиент может выбрать один из этих вариантов."
listitem_ch1323_0,ListItem,ch1323,0,109,109,1. Нажать на форме на кнопку .
listitem_ch1323_1,ListItem,ch1323,1,109,109,2. В открывшемся окне нажать на кнопку «Добавить вопрос» и выбрать тип вопроса из предложенного списка (см. Рисунок 143).
listitem_ch1327_0,ListItem,ch1327,0,110,110,3. Добавленный вопрос появится в списке слева. Справа необходимо задать настройки вопроса. К основным настройкам вопроса относятся:
listitem_ch1328_0,ListItem,ch1328,0,110,110,"Идентификатор ответа на вопрос – уникальный идентификатор, по которому можно будет получить ответ клиента на этот вопрос. Подробнее об этом в см. разделе"
listitem_ch1331_0,ListItem,ch1331,0,110,110,"Вопрос – текст вопроса, который бот отправит клиенту в мессенджер. Для вопросов всех типов, кроме «Короткий текст», рекомендуется формулировать, что ожидается от клиента. Например, не задавать вопрос «Когда вы хотите записаться на наши услуги?», что подразумевает разные ответы вида «В следующем месяце», «В конце недели», а явно просить указать день, например: «Укажите, пожалуйста, какого числа вы хотели бы записаться на наши услуги?»."
listitem_ch1331_1,ListItem,ch1331,1,110,110,"Краткое описание вопроса – сжатое, но емкое описание, позволяющее и клиенту, и маркетологу идентифицировать вопрос. Например, «Имя», «Возраст» или «Телефон». Маркетолог видит краткое описание вопроса в списке вопросов слева (см. Рисунок 144). Клиент увидит краткое описание вопроса при переходе в меню формы и при просмотре результатов заполнения формы, когда будет проверять правильность ответов."
listitem_ch1331_2,ListItem,ch1331,2,110,110,"Опция «Обязательный вопрос» – если установлена, то клиент не может пропустить этот вопрос и должен дать подходящий ответ. Если опция не установлена, то появляется кнопка «Пропустить этот вопрос»:"
listitem_ch1338_0,ListItem,ch1338,0,111,111,1. Перейти на вкладку «Медиа».
listitem_ch1338_1,ListItem,ch1338,1,111,111,2. Нажать на кнопку .
listitem_ch1338_2,ListItem,ch1338,2,111,111,3. Выбрать тип добавляемого файла (см. Рисунок 145) и добавить нужные файлы при
listitem_ch1352_0,ListItem,ch1352,0,112,112,"1. Успешный выход при ответе на все обязательные вопросы. Это происходит, когда клиент подтверждает правильность ответов на все вопросы. Если в этом случае необходимо продолжить рассылку, то нужно соединить зеленый выход из формы со следующим блоком (см. Рисунок 147)."
listitem_ch1355_0,ListItem,ch1355,0,113,113,"2. Выход по таймауту. Происходит автоматически, когда клиент перестает отвечать на вопросы формы. Задержка задается в"
listitem_ch1361_0,ListItem,ch1361,0,113,113,3. Выход по желанию клиента. Клиент может отказаться от ответов на вопросы и выйти из формы. Для этого он должен перейти в меню и нажать «
listitem_ch1366_0,ListItem,ch1366,0,114,114,"4. Выход при отправке нескольких ответов, не соответствующих типу вопроса. Например, если на вопрос формы типа «Email» клиент не указывает email три раза подряд, то бот закончит опрос и оправит клиенту сообщение:"
listitem_ch1376_0,ListItem,ch1376,0,115,115,Идентификатор формы – в текущей версии Maxbot не используется.
listitem_ch1376_1,ListItem,ch1376,1,115,115,Время ответа на каждый вопрос формы – спустя заданное количество секунд после последнего сообщения от клиента сработает выход из формы по таймауту.
listitem_ch1425_0,ListItem,ch1425,0,119,119,Форма может быть добавлена только в целевую рассылку. Информационные рассылки не поддерживают работу форм.
listitem_ch1425_1,ListItem,ch1425,1,119,119,"Одна целевая рассылка может содержать только одну форму. При необходимости проведения большого или растянутого опроса можно использовать цепочку рассылок, где каждая рассылка будет содержать свою форму и запускать следующую путем генерации события из своего сценария."
listitem_ch1430_0,ListItem,ch1430,0,120,120,"Во время работы формы оператор не должен открывать диалог с клиентом по своей инициативе (и не сможет, если у него нет соответствующих прав на канал Bot)."
listitem_ch1430_1,ListItem,ch1430,1,120,120,"Во время работы формы другие целевые рассылки не будут приходить клиенту (как и в случае, когда клиент ведет диалог с оператором)."
listitem_ch1430_2,ListItem,ch1430,2,120,120,"Возможен повторный запуск формы в рамках одной рассылки. Маркетолог может создать зацикленный сценарий, в котором, например, при выходе по таймауту клиенту приходит сообщение с предложением начать опрос заново. Сценарий такой рассылки приведен ниже (см. Рисунок 158)."
listitem_ch1435_0,ListItem,ch1435,0,120,120,"Работа макросов в формах пока не поддерживается нигде, кроме текстов вопросов."
listitem_ch1437_0,ListItem,ch1437,0,121,121,"Если все вопросы формы не обязательные, то при пропуске всех вопросов форма все равно считается успешно заполненной. Значение всех ответов при этом будет сохранено как «None»."
listitem_ch1437_1,ListItem,ch1437,1,121,121,"Для переноса строки в текстах сообщений и вопросов форм не нужно явно использовать \n, как в остальных блоках рассылки."
listitem_ch1456_0,ListItem,ch1456,0,122,122,1. Отправка клиентом боту одного из сообщений:
listitem_ch1459_0,ListItem,ch1459,0,122,122,2. Специальный API-вызов (см. запрос «Подписка клиента на рассылки»
listitem_ch1472_0,ListItem,ch1472,0,123,123,"1. Выбрать в верхнем правом углу окна бота, для которого будет создаваться виджет."
listitem_ch1472_1,ListItem,ch1472,1,123,123,2. Перейти в раздел «Инструменты роста» и на вкладке «Виджеты» нажать на кнопку «+ Создать» в правом верхнем углу (см. Рисунок 161).
listitem_ch1475_0,ListItem,ch1475,0,123,123,3. Ввести название виджета и нажать на кнопку «Создать» (см. Рисунок 162).
listitem_ch1477_0,ListItem,ch1477,0,123,123,4. В списке виджетов нажать на название только что созданного виджета для редактирования его настроек (см. Рисунок 163).
listitem_ch1491_0,ListItem,ch1491,0,125,125,* Рисунок 165 — Список доступных мессенджеров в настройках виджета
listitem_ch1505_0,ListItem,ch1505,0,126,126,"1. Выбрать в верхнем правом углу окна бота, для которого будет создаваться лендинг."
listitem_ch1505_1,ListItem,ch1505,1,126,126,2. Открыть раздел «Инструменты роста» и на вкладке «Лендинги» нажать на кнопку «+ Создать» в правом верхнем углу (см. Рисунок 168).
listitem_ch1509_0,ListItem,ch1509,0,127,127,3. Ввести имя лендинга (см. Рисунок 169) и нажать на кнопку «Создать».
listitem_ch1511_0,ListItem,ch1511,0,127,127,"4. В списке лендингов нажать на имя только что созданного лендинга для редактирования его настроек (см. Рисунок 170). Слева задаются настройки лендинга, справа отображается макет лендинга в соответствии с заданными настройками."
listitem_ch1526_0,ListItem,ch1526,0,129,129,1. Клиент переходит по присланной ему ссылке (см. Рисунок 172).
listitem_ch1528_0,ListItem,ch1528,0,129,129,"2. Клиенту отображается лендинг, размещаемый на ресурсе Maxbot (т. е. для этого не нужно самостоятельно создавать отдельный сайт или страницу на сайте компании). На странице отображается список мессенджеров, с помощью которых можно подключиться (см. Рисунок 173)."
listitem_ch1531_0,ListItem,ch1531,0,130,130,3. Клиент выбирает удобный ему мессенджер.
listitem_ch1534_0,ListItem,ch1534,0,130,130,"4. Клиент запускает приложение соответствующего мессенджера (в нашем примере — Telegram, см. Рисунок 174). После старта бота происходит автоматическое подтверждение номера телефона."
listitem_ch1541_0,ListItem,ch1541,0,131,131,Название рассылки – при клике переход на рассылку;
listitem_ch1541_1,ListItem,ch1541,1,131,131,Статистика по рассылке – при клике переход на
listitem_ch1545_0,ListItem,ch1545,0,131,131,Запуск – время последнего перехода рассылки в активный режим;
listitem_ch1545_1,ListItem,ch1545,1,131,131,Состояние – текущее состояние рассылки.
listitem_ch1573_0,ListItem,ch1573,0,133,133,customer_messenger_id — идентификатор клиента в Maxbot;
listitem_ch1573_1,ListItem,ch1573,1,133,133,name — имя клиента в мессенджере;
listitem_ch1573_2,ListItem,ch1573,2,133,133,messenger_type — тип мессенджера;
listitem_ch1573_3,ListItem,ch1573,3,133,133,create_date — дата первого подключения к боту;
listitem_ch1573_4,ListItem,ch1573,4,133,133,add_phone_date — дата подтверждения номера телефона;
listitem_ch1573_5,ListItem,ch1573,5,133,133,phone — номер телефона;
listitem_ch1573_6,ListItem,ch1573,6,133,133,"unsubscribed — признак того, отписан ли клиент от рассылок (true или false);"
listitem_ch1573_7,ListItem,ch1573,7,133,133,"allow_message — признак возможности отправки клиенту сообщений в мессенджере (если клиент отписался от бота, то будет значение false);"
listitem_ch1573_8,ListItem,ch1573,8,133,133,"timezone — часовой пояс клиента (может быть не задан, если клиент не добавлялся в аудиторию рассылок);"
listitem_ch1573_9,ListItem,ch1573,9,133,133,"tags — список тегов клиента, в квадратных скобках через запятую;"
listitem_ch1573_10,ListItem,ch1573,10,133,133,first_customer_message_date — дата первого сообщения от клиента;
listitem_ch1573_11,ListItem,ch1573,11,133,133,last_customer_message_date — дата последнего сообщения клиента.
listitem_ch1640_0,ListItem,ch1640,0,137,137,"«Ожидание подтверждения телефона» – события, в результате вызова которых началось ожидание подтверждения клиентом номера телефона (случай, когда в результате вызова события возвращается delayed_trigger_event_id)."
listitem_ch1640_1,ListItem,ch1640,1,137,137,"«Ожидание подписки на бота в мессенджере» – события, в результате вызова которых началось ожидание подписки клиента на бота в мессенджере (случай, когда в результате вызова события возвращается unsubscribed_trigger_event_id)."
listitem_ch1640_2,ListItem,ch1640,2,137,137,"«Передано в транспорт мессенджера» – события, в результате вызова которых началось отправка рассылки в мессенджер (случай, когда в результате вызова события возвращается launch_customer_ids)."
listitem_ch1644_0,ListItem,ch1644,0,138,138,"«Передано в SMS-провайдер» – события, в результате вызова которых началось отправка SMS-рассылки (через SMS-провайдер, случай, когда в результате вызова события возвращается sms_launch_customer_ids)."
listitem_ch1646_0,ListItem,ch1646,0,138,138,200 — запрос выполнен успешно;
listitem_ch1646_1,ListItem,ch1646,1,138,138,40X – различные виды ошибок.
listitem_ch1649_0,ListItem,ch1649,0,138,138,"Рассылка – события, сгенерированные из сценария рассылки (действие «Сгенерировать событие» в конструкторе рассылок);"
listitem_ch1649_1,ListItem,ch1649,1,138,138,"Интерфейс – события, сгенерированные из консоли маркетолога;"
listitem_ch1649_2,ListItem,ch1649,2,138,138,"API – события, сгенерированные путем вызова одного из запросов API;"
listitem_ch1649_3,ListItem,ch1649,3,138,138,"Системное событие – системные события, сгенерированные ботом (в текущей версии Maxbot это «Подтверждение номера телефона» и «Добавление нового клиента»)."
listitem_ch1654_0,ListItem,ch1654,0,138,138,"«Готов к отправке» — рассылка готова к началу, но еще не началась;"
listitem_ch1654_1,ListItem,ch1654,1,138,138,«Рассылка началась успешно»;
listitem_ch1654_2,ListItem,ch1654,2,138,138,«Ошибка при запуске рассылки»;
listitem_ch1654_3,ListItem,ch1654,3,138,138,"«Пропущен, в рассылке нет SMS-блока» — сгенерировано событие для отправки SMS, но в рассылке нет SMS-блока;"
listitem_ch1654_4,ListItem,ch1654,4,138,138,"«Пропущен, входит в аудиторию другой рассылки»;"
listitem_ch1654_5,ListItem,ch1654,5,138,138,«Клиент отписался от рассылок»;
listitem_ch1654_6,ListItem,ch1654,6,138,138,«Клиент не оплачен»;
listitem_ch1654_7,ListItem,ch1654,7,138,138,«Клиент уже получал рассылку»;
listitem_ch1654_8,ListItem,ch1654,8,138,138,"«Рассылка не успела начаться» – рассылка не началась, т. к. ее остановили, не успев начать ее для клиента;"
listitem_ch1654_9,ListItem,ch1654,9,138,138,«Ошибка при запуске SMS-рассылки»;
listitem_ch1665_0,ListItem,ch1665,0,139,139,«Ошибка при вызове внешней системы в SMS-блоке»;
listitem_ch1665_1,ListItem,ch1665,1,139,139,«Ошибка при генерации диплинка для SMS-блока» — при отправке SMS-рассылки с лендингом при генерации диплинка возникла ошибка;
listitem_ch1665_2,ListItem,ch1665,2,139,139,"«Телефон подтвержден до попытки отправить SMS» — клиент подтвердил номер телефона до отправки SMS, отправка будет осуществлена через мессенджер;"
listitem_ch1665_3,ListItem,ch1665,3,139,139,«Ожидает подписки клиента в мессенджере» — начало рассылки отложено до подписки клиентом на бота в мессенджере;
listitem_ch1665_4,ListItem,ch1665,4,139,139,«Ожидает подтверждения номера телефона» — начало рассылки отложено до подтверждения клиентом номера телефона.
listitem_ch1672_0,ListItem,ch1672,0,139,139,режим карточек (см. Рисунок 181);
listitem_ch1672_1,ListItem,ch1672,1,139,139,режим списка (см. Рисунок 182).
listitem_ch1679_0,ListItem,ch1679,0,140,140,ID — идентификатор записи о генерации события в журнале аудита событий;
listitem_ch1679_1,ListItem,ch1679,1,140,140,"Источник — источник, откуда пришел запрос на генерацию события. См. «Список возможных источников события» выше;"
listitem_ch1679_2,ListItem,ch1679,2,140,140,"Рассылка — название рассылки, если событие было сгенерировано из сценария рассылки;"
listitem_ch1679_3,ListItem,ch1679,3,140,140,Дата — дата генерации события;
listitem_ch1679_4,ListItem,ch1679,4,140,140,"Название события из запроса — название события, как оно было указано в запросе;"
listitem_ch1679_5,ListItem,ch1679,5,140,140,ID события — идентификатор события в системе;
listitem_ch1679_6,ListItem,ch1679,6,140,140,"ID клиента — идентификатор клиента, для которого было сгенерировано событие;"
listitem_ch1679_7,ListItem,ch1679,7,140,140,"Мессенджер — мессенджер клиента, для которого было сгенерировано событие;"
listitem_ch1679_8,ListItem,ch1679,8,140,140,"Телефон — телефон клиента, для которого было сгенерировано событие;"
listitem_ch1679_9,ListItem,ch1679,9,140,140,Тип — тип запроса на генерацию события. Возможные варианты:
listitem_ch1679_10,ListItem,ch1679,10,140,140,По идентификатору клиента;
listitem_ch1679_11,ListItem,ch1679,11,140,140,По номеру телефона;
listitem_ch1679_12,ListItem,ch1679,12,140,140,Для рассылок с фиксированной аудиторией;
listitem_ch1693_0,ListItem,ch1693,0,141,141,Запрос — тело запроса на генерацию события. Для просмотра и копирования нужно навести мышью на «глазок»;
listitem_ch1693_1,ListItem,ch1693,1,141,141,Статус-код — HTTP status code ответа на запрос генерации события;
listitem_ch1693_2,ListItem,ch1693,2,141,141,Ответ — тело ответа на запрос генерации события. Для просмотра и копирования нужно навести мышью на «глазок».
listitem_ch1700_0,ListItem,ch1700,0,141,141,ID — идентификатор записи о генерации события в журнале аудита событий;
listitem_ch1700_1,ListItem,ch1700,1,141,141,Дата — дата генерации события;
listitem_ch1700_2,ListItem,ch1700,2,141,141,MID — идентификатор начавшейся рассылки. При нажатии на ссылку можно перейти на страницу с информацией о ходе выполнения рассылки для этого клиента. Подробнее это описано в разделе
listitem_ch1705_0,ListItem,ch1705,0,141,141,"Рассылка — название рассылки, которая началась в результате вызова события. При клике по ссылке можно перейти на страницу редактирования рассылки;"
listitem_ch1705_1,ListItem,ch1705,1,141,141,"Launch — идентификатор запуска рассылки, получаемый при генерации события (в поле launch_customer_ids ответа на запрос генерации события);"
listitem_ch1708_0,ListItem,ch1708,0,142,142,"Запуск, Остановка — даты запуска и остановки рассылки соответственно (в текущей версии Maxbot) не заполняется;"
listitem_ch1708_1,ListItem,ch1708,1,142,142,Состояние — текущее состояние рассылки;
listitem_ch1708_2,ListItem,ch1708,2,142,142,"CID — идентификатор клиента, для которого началась рассылка;"
listitem_ch1708_3,ListItem,ch1708,3,142,142,"Статус — состояние запуска рассылки для клиента, см. ранее описание фильтра «Состояние запусков рассылки для клиента»;"
listitem_ch1708_4,ListItem,ch1708,4,142,142,Попыток — количество попыток начать рассылку;
listitem_ch1708_5,ListItem,ch1708,5,142,142,Последняя попытка — дата последней попытки начать рассылку для клиента.
listitem_ch1708_6,ListItem,ch1708,6,142,142,"Аргументы — аргументы события, переданные при генерации. Для просмотра и копирования нужно навести мышью на «глазок»."
listitem_ch1718_0,ListItem,ch1718,0,142,142,"Телефон — телефон, для которого сгенерировано событие;"
listitem_ch1718_1,ListItem,ch1718,1,142,142,"Мессенджеры — список messenger_order, как он был указан при вызове события;"
listitem_ch1718_2,ListItem,ch1718,2,142,142,"Временная зона — значение поля timezone, указанное при вызове события."
listitem_ch1728_0,ListItem,ch1728,0,144,144,"TTL — таймаут ожидания подтверждения номера телефона, заданный при вызове события;"
listitem_ch1728_1,ListItem,ch1728,1,144,144,"Истечение — дата, когда истекло ожидание."
listitem_ch1733_0,ListItem,ch1733,0,144,144,"TTL — таймаут ожидания подписки на бота в мессенджере, заданный при вызове события;"
listitem_ch1733_1,ListItem,ch1733,1,144,144,"Истечение — дата, когда истекло ожидание подписки."
listitem_ch1750_0,ListItem,ch1750,0,146,146,режим карточек (см. Рисунок 190);
listitem_ch1750_1,ListItem,ch1750,1,146,146,режим списка (см. Рисунок 191).
listitem_ch1766_0,ListItem,ch1766,0,147,147,"«Разрешена отправка сообщений» — признак свидетельствует о текущем состоянии подписки клиента на бота в мессенджере. Если флажок установлен, то клиент подписан, если снята — отписан. Не следует путать это с подпиской/отпиской на рассылки."
listitem_ch1766_1,ListItem,ch1766,1,147,147,«Пользователь добавлен в таблицу
listitem_ch1786_0,ListItem,ch1786,0,149,149,Статистика по всем рассылкам за заданный период;
listitem_ch1786_1,ListItem,ch1786,1,149,149,Статистика по всем рассылкам за сутки;
listitem_ch1786_2,ListItem,ch1786,2,149,149,Статистика по определенной рассылке за заданный период.
listitem_ch1839_0,ListItem,ch1839,0,155,155,* Рисунок 207 — Просмотр графиков
listitem_ch1920_0,ListItem,ch1920,0,160,160,1. POST /v1/mailing/stat/flow/export/bot/
listitem_ch1944_0,ListItem,ch1944,0,161,161,info
listitem_ch1944_1,ListItem,ch1944,1,161,161,target Тип рассылки:
listitem_ch1944_2,ListItem,ch1944,2,161,161,информационная
listitem_ch1944_3,ListItem,ch1944,3,161,161,целевая.
listitem_ch1950_0,ListItem,ch1950,0,161,161,init
listitem_ch1950_1,ListItem,ch1950,1,161,161,active
listitem_ch1950_2,ListItem,ch1950,2,161,161,passive
listitem_ch1950_3,ListItem,ch1950,3,161,161,disabled Состояние рассылки:
listitem_ch1950_4,ListItem,ch1950,4,161,161,Не запущена
listitem_ch1950_5,ListItem,ch1950,5,161,161,"Включена, активный режим"
listitem_ch1950_6,ListItem,ch1950,6,161,161,"Включена, пассивный режим"
listitem_ch1950_7,ListItem,ch1950,7,161,161,Отключена
listitem_ch1959_0,ListItem,ch1959,0,161,161,on_create
listitem_ch1959_1,ListItem,ch1959,1,161,161,realtime
listitem_ch1959_2,ListItem,ch1959,2,161,161,on_create_launch
listitem_ch1959_3,ListItem,ch1959,3,161,161,on_create_planned
listitem_ch1959_4,ListItem,ch1959,4,161,161,keyword
listitem_ch1959_5,ListItem,ch1959,5,161,161,on_create_planned _by_url Тип аудитории рассылки.
listitem_ch1981_0,ListItem,ch1981,0,163,163,tag
listitem_ch1981_1,ListItem,ch1981,1,163,163,event Определяет условия начала рассылки для рассылок с audience_formation = realtime. По тегу или по событию.
listitem_ch1989_0,ListItem,ch1989,0,163,163,CONFIRMED_EVENT _UPDATE
listitem_ch1989_1,ListItem,ch1989,1,163,163,POST_PURCHASE_ UPDATE
listitem_ch1989_2,ListItem,ch1989,2,163,163,"ACCOUNT_UPDATE Теги, добавляемые к сообщениям для клиентов Facebook*."
listitem_ch2012_0,ListItem,ch2012,0,164,164,string
listitem_ch2012_1,ListItem,ch2012,1,164,164,decimal
listitem_ch2012_2,ListItem,ch2012,2,164,164,boolean
listitem_ch2012_3,ListItem,ch2012,3,164,164,date
listitem_ch2012_4,ListItem,ch2012,4,164,164,categorical Тип макроса.
listitem_ch2025_0,ListItem,ch2025,0,165,165,string
listitem_ch2025_1,ListItem,ch2025,1,165,165,decimal
listitem_ch2025_2,ListItem,ch2025,2,165,165,boolean
listitem_ch2025_3,ListItem,ch2025,3,165,165,date
listitem_ch2025_4,ListItem,ch2025,4,165,165,categorical Тип макроса.
listitem_ch2044_0,ListItem,ch2044,0,167,167,Viber;
listitem_ch2044_1,ListItem,ch2044,1,167,167,Telegram;
listitem_ch2044_2,ListItem,ch2044,2,167,167,ВКонтакте;
listitem_ch2044_3,ListItem,ch2044,3,167,167,Facebook*;
listitem_ch2044_4,ListItem,ch2044,4,167,167,Instagram*.
listitem_ch2135_0,ListItem,ch2135,0,174,174,“date” — дата и время (используется формат ISO 8601);
listitem_ch2135_1,ListItem,ch2135,1,174,174,"“decimal“ — число, в т. ч. вещественное;"
listitem_ch2135_2,ListItem,ch2135,2,174,174,“categorical“ — фиксированное число возможных значений;
listitem_ch2135_3,ListItem,ch2135,3,174,174,“boolean“ — логическое значение;
listitem_ch2135_4,ListItem,ch2135,4,174,174,“string“ — строка.
listitem_ch2149_0,ListItem,ch2149,0,175,175,"1. При создании SMS-провайдера в поле «Логин» указывается произвольная последовательность символов, например, «12345» (см. Рисунок 216)."
listitem_ch2151_0,ListItem,ch2151,0,175,175,"2. В поле «Пароль» необходимо указать токен, который создается в личном кабинете сервиса (раздел «API» - «Рассылка сообщений», см. Рисунок 217):"
listitem_ch2156_0,ListItem,ch2156,0,176,176,"3. В поле «Отправитель» указывается отправитель, добавленный в разделе «Рассылка СМС» - «Имена отправителя» (см. Рисунок 219):"
listitem_ch2169_0,ListItem,ch2169,0,178,178,"1. При создании SMS-провайдера в поле «Отправитель» указывается зарегистрированный в SMS.ru отправитель или номер телефона, на который зарегистрирован аккаунт (если отправитель не зарегистрирован)."
listitem_ch2169_1,ListItem,ch2169,1,178,178,"2. В поле «Пароль» указывается «api_id», который можно получить в разделе «Программистам» - «Ваш api_id» личного кабинета SMS.ru (см. Рисунок 220)."
listitem_ch2173_0,ListItem,ch2173,0,178,178,"* Meta (соцсети Facebook и Instagram) признана в России экстремистской организацией, ее деятельность на территории страны запрещена."
